fit_time,score_time,estimator,test_roc_auc,test_balanced_accuracy,test_average_precision,test_f1_score
352.0219757556915,0.01683807373046875,"RandomizedSearchCV(cv=StratifiedKFold(n_splits=4, random_state=42, shuffle=True),
                   estimator=Pipeline(steps=[('yjpt', PowerTransformer()),
                                             ('outlier_removal',
                                              FunctionSampler(func=<function lof_outlier_removal at 0x14a882b59120>,
                                                              kw_args={'algorithm': 'auto',
                                                                       'contamination': 0.05,
                                                                       'metric': 'manhattan',
                                                                       'n_neighbors': 20},
                                                              validate=False)),
                                             ('pca', PCA(svd_solver='ful...
                                        'oversampling__k_neighbors': <scipy.stats._distn_infrastructure.rv_discrete_frozen object at 0x14a9b8943190>,
                                        'pca__n_components': <scipy.stats._distn_infrastructure.rv_continuous_frozen object at 0x14a9b8416d90>},
                   random_state=42, refit='roc_auc', return_train_score=True,
                   scoring={'average_precision': 'average_precision',
                            'balanced_accuracy': 'balanced_accuracy',
                            'f1_score': 'f1', 'roc_auc': 'roc_auc'},
                   verbose=1)",0.6125919117647058,0.5978860294117647,0.450944439931828,0.5121951219512195
342.72154998779297,0.016510009765625,"RandomizedSearchCV(cv=StratifiedKFold(n_splits=4, random_state=42, shuffle=True),
                   estimator=Pipeline(steps=[('yjpt', PowerTransformer()),
                                             ('outlier_removal',
                                              FunctionSampler(func=<function lof_outlier_removal at 0x14a882b59120>,
                                                              kw_args={'algorithm': 'auto',
                                                                       'contamination': 0.05,
                                                                       'metric': 'manhattan',
                                                                       'n_neighbors': 20},
                                                              validate=False)),
                                             ('pca', PCA(svd_solver='ful...
                                        'oversampling__k_neighbors': <scipy.stats._distn_infrastructure.rv_discrete_frozen object at 0x14a9b897f3d0>,
                                        'pca__n_components': <scipy.stats._distn_infrastructure.rv_continuous_frozen object at 0x14a9b8631a90>},
                   random_state=42, refit='roc_auc', return_train_score=True,
                   scoring={'average_precision': 'average_precision',
                            'balanced_accuracy': 'balanced_accuracy',
                            'f1_score': 'f1', 'roc_auc': 'roc_auc'},
                   verbose=1)",0.5928030303030303,0.5828598484848485,0.4551003981388815,0.5111111111111111
351.7410068511963,0.017377853393554688,"RandomizedSearchCV(cv=StratifiedKFold(n_splits=4, random_state=42, shuffle=True),
                   estimator=Pipeline(steps=[('yjpt', PowerTransformer()),
                                             ('outlier_removal',
                                              FunctionSampler(func=<function lof_outlier_removal at 0x14a882b59120>,
                                                              kw_args={'algorithm': 'auto',
                                                                       'contamination': 0.05,
                                                                       'metric': 'manhattan',
                                                                       'n_neighbors': 20},
                                                              validate=False)),
                                             ('pca', PCA(svd_solver='ful...
                                        'oversampling__k_neighbors': <scipy.stats._distn_infrastructure.rv_discrete_frozen object at 0x14a9b87e28d0>,
                                        'pca__n_components': <scipy.stats._distn_infrastructure.rv_continuous_frozen object at 0x14a9b83ca710>},
                   random_state=42, refit='roc_auc', return_train_score=True,
                   scoring={'average_precision': 'average_precision',
                            'balanced_accuracy': 'balanced_accuracy',
                            'f1_score': 'f1', 'roc_auc': 'roc_auc'},
                   verbose=1)",0.5855477855477855,0.5207459207459207,0.3727274003981952,0.3333333333333333
397.63147807121277,0.016258716583251953,"RandomizedSearchCV(cv=StratifiedKFold(n_splits=4, random_state=42, shuffle=True),
                   estimator=Pipeline(steps=[('yjpt', PowerTransformer()),
                                             ('outlier_removal',
                                              FunctionSampler(func=<function lof_outlier_removal at 0x14a882b59120>,
                                                              kw_args={'algorithm': 'auto',
                                                                       'contamination': 0.05,
                                                                       'metric': 'manhattan',
                                                                       'n_neighbors': 20},
                                                              validate=False)),
                                             ('pca', PCA(svd_solver='ful...
                                        'oversampling__k_neighbors': <scipy.stats._distn_infrastructure.rv_discrete_frozen object at 0x14a9b899b7d0>,
                                        'pca__n_components': <scipy.stats._distn_infrastructure.rv_continuous_frozen object at 0x14a9b833d510>},
                   random_state=42, refit='roc_auc', return_train_score=True,
                   scoring={'average_precision': 'average_precision',
                            'balanced_accuracy': 'balanced_accuracy',
                            'f1_score': 'f1', 'roc_auc': 'roc_auc'},
                   verbose=1)",0.5836829836829837,0.5491841491841492,0.4329528279707113,0.46511627906976744
330.56094002723694,0.01688218116760254,"RandomizedSearchCV(cv=StratifiedKFold(n_splits=4, random_state=42, shuffle=True),
                   estimator=Pipeline(steps=[('yjpt', PowerTransformer()),
                                             ('outlier_removal',
                                              FunctionSampler(func=<function lof_outlier_removal at 0x14a882b59120>,
                                                              kw_args={'algorithm': 'auto',
                                                                       'contamination': 0.05,
                                                                       'metric': 'manhattan',
                                                                       'n_neighbors': 20},
                                                              validate=False)),
                                             ('pca', PCA(svd_solver='ful...
                                        'oversampling__k_neighbors': <scipy.stats._distn_infrastructure.rv_discrete_frozen object at 0x14a9b8940f90>,
                                        'pca__n_components': <scipy.stats._distn_infrastructure.rv_continuous_frozen object at 0x14a9b87e7ed0>},
                   random_state=42, refit='roc_auc', return_train_score=True,
                   scoring={'average_precision': 'average_precision',
                            'balanced_accuracy': 'balanced_accuracy',
                            'f1_score': 'f1', 'roc_auc': 'roc_auc'},
                   verbose=1)",0.5795454545454545,0.584280303030303,0.36437346606949317,0.49382716049382713
330.7845768928528,0.017600297927856445,"RandomizedSearchCV(cv=StratifiedKFold(n_splits=4, random_state=42, shuffle=True),
                   estimator=Pipeline(steps=[('yjpt', PowerTransformer()),
                                             ('outlier_removal',
                                              FunctionSampler(func=<function lof_outlier_removal at 0x14a882b59120>,
                                                              kw_args={'algorithm': 'auto',
                                                                       'contamination': 0.05,
                                                                       'metric': 'manhattan',
                                                                       'n_neighbors': 20},
                                                              validate=False)),
                                             ('pca', PCA(svd_solver='ful...
                                        'oversampling__k_neighbors': <scipy.stats._distn_infrastructure.rv_discrete_frozen object at 0x14a9b89373d0>,
                                        'pca__n_components': <scipy.stats._distn_infrastructure.rv_continuous_frozen object at 0x14a9b89b6bd0>},
                   random_state=42, refit='roc_auc', return_train_score=True,
                   scoring={'average_precision': 'average_precision',
                            'balanced_accuracy': 'balanced_accuracy',
                            'f1_score': 'f1', 'roc_auc': 'roc_auc'},
                   verbose=1)",0.5648674242424242,0.5260416666666666,0.3729200604005908,0.3548387096774194
343.57660460472107,0.01915431022644043,"RandomizedSearchCV(cv=StratifiedKFold(n_splits=4, random_state=42, shuffle=True),
                   estimator=Pipeline(steps=[('yjpt', PowerTransformer()),
                                             ('outlier_removal',
                                              FunctionSampler(func=<function lof_outlier_removal at 0x14a882b59120>,
                                                              kw_args={'algorithm': 'auto',
                                                                       'contamination': 0.05,
                                                                       'metric': 'manhattan',
                                                                       'n_neighbors': 20},
                                                              validate=False)),
                                             ('pca', PCA(svd_solver='ful...
                                        'oversampling__k_neighbors': <scipy.stats._distn_infrastructure.rv_discrete_frozen object at 0x14a882bdb2d0>,
                                        'pca__n_components': <scipy.stats._distn_infrastructure.rv_continuous_frozen object at 0x14a9b86634d0>},
                   random_state=42, refit='roc_auc', return_train_score=True,
                   scoring={'average_precision': 'average_precision',
                            'balanced_accuracy': 'balanced_accuracy',
                            'f1_score': 'f1', 'roc_auc': 'roc_auc'},
                   verbose=1)",0.5523897058823529,0.5,0.38868056838119863,0.0
341.89404940605164,0.01677250862121582,"RandomizedSearchCV(cv=StratifiedKFold(n_splits=4, random_state=42, shuffle=True),
                   estimator=Pipeline(steps=[('yjpt', PowerTransformer()),
                                             ('outlier_removal',
                                              FunctionSampler(func=<function lof_outlier_removal at 0x14a882b59120>,
                                                              kw_args={'algorithm': 'auto',
                                                                       'contamination': 0.05,
                                                                       'metric': 'manhattan',
                                                                       'n_neighbors': 20},
                                                              validate=False)),
                                             ('pca', PCA(svd_solver='ful...
                                        'oversampling__k_neighbors': <scipy.stats._distn_infrastructure.rv_discrete_frozen object at 0x14a9b87e1250>,
                                        'pca__n_components': <scipy.stats._distn_infrastructure.rv_continuous_frozen object at 0x14a9b86aafd0>},
                   random_state=42, refit='roc_auc', return_train_score=True,
                   scoring={'average_precision': 'average_precision',
                            'balanced_accuracy': 'balanced_accuracy',
                            'f1_score': 'f1', 'roc_auc': 'roc_auc'},
                   verbose=1)",0.5487689393939394,0.5364583333333333,0.3964268507770823,0.4731182795698925
341.85050344467163,0.01734304428100586,"RandomizedSearchCV(cv=StratifiedKFold(n_splits=4, random_state=42, shuffle=True),
                   estimator=Pipeline(steps=[('yjpt', PowerTransformer()),
                                             ('outlier_removal',
                                              FunctionSampler(func=<function lof_outlier_removal at 0x14a882b59120>,
                                                              kw_args={'algorithm': 'auto',
                                                                       'contamination': 0.05,
                                                                       'metric': 'manhattan',
                                                                       'n_neighbors': 20},
                                                              validate=False)),
                                             ('pca', PCA(svd_solver='ful...
                                        'oversampling__k_neighbors': <scipy.stats._distn_infrastructure.rv_discrete_frozen object at 0x14a882bbf310>,
                                        'pca__n_components': <scipy.stats._distn_infrastructure.rv_continuous_frozen object at 0x14a9b876ce10>},
                   random_state=42, refit='roc_auc', return_train_score=True,
                   scoring={'average_precision': 'average_precision',
                            'balanced_accuracy': 'balanced_accuracy',
                            'f1_score': 'f1', 'roc_auc': 'roc_auc'},
                   verbose=1)",0.546875,0.5168087121212122,0.4331628841293286,0.3888888888888889
352.8293263912201,0.016118764877319336,"RandomizedSearchCV(cv=StratifiedKFold(n_splits=4, random_state=42, shuffle=True),
                   estimator=Pipeline(steps=[('yjpt', PowerTransformer()),
                                             ('outlier_removal',
                                              FunctionSampler(func=<function lof_outlier_removal at 0x14a882b59120>,
                                                              kw_args={'algorithm': 'auto',
                                                                       'contamination': 0.05,
                                                                       'metric': 'manhattan',
                                                                       'n_neighbors': 20},
                                                              validate=False)),
                                             ('pca', PCA(svd_solver='ful...
                                        'oversampling__k_neighbors': <scipy.stats._distn_infrastructure.rv_discrete_frozen object at 0x14a9b849e950>,
                                        'pca__n_components': <scipy.stats._distn_infrastructure.rv_continuous_frozen object at 0x14a9b8459a90>},
                   random_state=42, refit='roc_auc', return_train_score=True,
                   scoring={'average_precision': 'average_precision',
                            'balanced_accuracy': 'balanced_accuracy',
                            'f1_score': 'f1', 'roc_auc': 'roc_auc'},
                   verbose=1)",0.5445075757575757,0.5613162878787878,0.3714908614923118,0.4691358024691358
335.39600133895874,0.017409086227416992,"RandomizedSearchCV(cv=StratifiedKFold(n_splits=4, random_state=42, shuffle=True),
                   estimator=Pipeline(steps=[('yjpt', PowerTransformer()),
                                             ('outlier_removal',
                                              FunctionSampler(func=<function lof_outlier_removal at 0x14a882b59120>,
                                                              kw_args={'algorithm': 'auto',
                                                                       'contamination': 0.05,
                                                                       'metric': 'manhattan',
                                                                       'n_neighbors': 20},
                                                              validate=False)),
                                             ('pca', PCA(svd_solver='ful...
                                        'oversampling__k_neighbors': <scipy.stats._distn_infrastructure.rv_discrete_frozen object at 0x14a8839c4bd0>,
                                        'pca__n_components': <scipy.stats._distn_infrastructure.rv_continuous_frozen object at 0x14a9b87e5310>},
                   random_state=42, refit='roc_auc', return_train_score=True,
                   scoring={'average_precision': 'average_precision',
                            'balanced_accuracy': 'balanced_accuracy',
                            'f1_score': 'f1', 'roc_auc': 'roc_auc'},
                   verbose=1)",0.5430871212121211,0.4786931818181818,0.3985431968767552,0.3380281690140845
348.0740580558777,0.015411138534545898,"RandomizedSearchCV(cv=StratifiedKFold(n_splits=4, random_state=42, shuffle=True),
                   estimator=Pipeline(steps=[('yjpt', PowerTransformer()),
                                             ('outlier_removal',
                                              FunctionSampler(func=<function lof_outlier_removal at 0x14a882b59120>,
                                                              kw_args={'algorithm': 'auto',
                                                                       'contamination': 0.05,
                                                                       'metric': 'manhattan',
                                                                       'n_neighbors': 20},
                                                              validate=False)),
                                             ('pca', PCA(svd_solver='ful...
                                        'oversampling__k_neighbors': <scipy.stats._distn_infrastructure.rv_discrete_frozen object at 0x14a882ba2e90>,
                                        'pca__n_components': <scipy.stats._distn_infrastructure.rv_continuous_frozen object at 0x14a9b8528790>},
                   random_state=42, refit='roc_auc', return_train_score=True,
                   scoring={'average_precision': 'average_precision',
                            'balanced_accuracy': 'balanced_accuracy',
                            'f1_score': 'f1', 'roc_auc': 'roc_auc'},
                   verbose=1)",0.5378787878787878,0.5880681818181819,0.40364515823798547,0.42105263157894735
350.760258436203,0.015926122665405273,"RandomizedSearchCV(cv=StratifiedKFold(n_splits=4, random_state=42, shuffle=True),
                   estimator=Pipeline(steps=[('yjpt', PowerTransformer()),
                                             ('outlier_removal',
                                              FunctionSampler(func=<function lof_outlier_removal at 0x14a882b59120>,
                                                              kw_args={'algorithm': 'auto',
                                                                       'contamination': 0.05,
                                                                       'metric': 'manhattan',
                                                                       'n_neighbors': 20},
                                                              validate=False)),
                                             ('pca', PCA(svd_solver='ful...
                                        'oversampling__k_neighbors': <scipy.stats._distn_infrastructure.rv_discrete_frozen object at 0x14a9b8957710>,
                                        'pca__n_components': <scipy.stats._distn_infrastructure.rv_continuous_frozen object at 0x14a9b83bff10>},
                   random_state=42, refit='roc_auc', return_train_score=True,
                   scoring={'average_precision': 'average_precision',
                            'balanced_accuracy': 'balanced_accuracy',
                            'f1_score': 'f1', 'roc_auc': 'roc_auc'},
                   verbose=1)",0.5296037296037296,0.47365967365967365,0.36981068960007224,0.358974358974359
340.2796895503998,0.0173797607421875,"RandomizedSearchCV(cv=StratifiedKFold(n_splits=4, random_state=42, shuffle=True),
                   estimator=Pipeline(steps=[('yjpt', PowerTransformer()),
                                             ('outlier_removal',
                                              FunctionSampler(func=<function lof_outlier_removal at 0x14a882b59120>,
                                                              kw_args={'algorithm': 'auto',
                                                                       'contamination': 0.05,
                                                                       'metric': 'manhattan',
                                                                       'n_neighbors': 20},
                                                              validate=False)),
                                             ('pca', PCA(svd_solver='ful...
                                        'oversampling__k_neighbors': <scipy.stats._distn_infrastructure.rv_discrete_frozen object at 0x14a9b868a610>,
                                        'pca__n_components': <scipy.stats._distn_infrastructure.rv_continuous_frozen object at 0x14a9b89e40d0>},
                   random_state=42, refit='roc_auc', return_train_score=True,
                   scoring={'average_precision': 'average_precision',
                            'balanced_accuracy': 'balanced_accuracy',
                            'f1_score': 'f1', 'roc_auc': 'roc_auc'},
                   verbose=1)",0.5274621212121212,0.5089962121212122,0.3621723056893422,0.3835616438356164
343.894415140152,0.01700425148010254,"RandomizedSearchCV(cv=StratifiedKFold(n_splits=4, random_state=42, shuffle=True),
                   estimator=Pipeline(steps=[('yjpt', PowerTransformer()),
                                             ('outlier_removal',
                                              FunctionSampler(func=<function lof_outlier_removal at 0x14a882b59120>,
                                                              kw_args={'algorithm': 'auto',
                                                                       'contamination': 0.05,
                                                                       'metric': 'manhattan',
                                                                       'n_neighbors': 20},
                                                              validate=False)),
                                             ('pca', PCA(svd_solver='ful...
                                        'oversampling__k_neighbors': <scipy.stats._distn_infrastructure.rv_discrete_frozen object at 0x14a882bbccd0>,
                                        'pca__n_components': <scipy.stats._distn_infrastructure.rv_continuous_frozen object at 0x14a9b8483d50>},
                   random_state=42, refit='roc_auc', return_train_score=True,
                   scoring={'average_precision': 'average_precision',
                            'balanced_accuracy': 'balanced_accuracy',
                            'f1_score': 'f1', 'roc_auc': 'roc_auc'},
                   verbose=1)",0.5241477272727272,0.5236742424242424,0.3657679706114715,0.4155844155844156
349.1272871494293,0.017284870147705078,"RandomizedSearchCV(cv=StratifiedKFold(n_splits=4, random_state=42, shuffle=True),
                   estimator=Pipeline(steps=[('yjpt', PowerTransformer()),
                                             ('outlier_removal',
                                              FunctionSampler(func=<function lof_outlier_removal at 0x14a882b59120>,
                                                              kw_args={'algorithm': 'auto',
                                                                       'contamination': 0.05,
                                                                       'metric': 'manhattan',
                                                                       'n_neighbors': 20},
                                                              validate=False)),
                                             ('pca', PCA(svd_solver='ful...
                                        'oversampling__k_neighbors': <scipy.stats._distn_infrastructure.rv_discrete_frozen object at 0x14a882bcefd0>,
                                        'pca__n_components': <scipy.stats._distn_infrastructure.rv_continuous_frozen object at 0x14a9b856d7d0>},
                   random_state=42, refit='roc_auc', return_train_score=True,
                   scoring={'average_precision': 'average_precision',
                            'balanced_accuracy': 'balanced_accuracy',
                            'f1_score': 'f1', 'roc_auc': 'roc_auc'},
                   verbose=1)",0.515625,0.5558712121212122,0.346523257086162,0.417910447761194
332.68550395965576,0.017552614212036133,"RandomizedSearchCV(cv=StratifiedKFold(n_splits=4, random_state=42, shuffle=True),
                   estimator=Pipeline(steps=[('yjpt', PowerTransformer()),
                                             ('outlier_removal',
                                              FunctionSampler(func=<function lof_outlier_removal at 0x14a882b59120>,
                                                              kw_args={'algorithm': 'auto',
                                                                       'contamination': 0.05,
                                                                       'metric': 'manhattan',
                                                                       'n_neighbors': 20},
                                                              validate=False)),
                                             ('pca', PCA(svd_solver='ful...
                                        'oversampling__k_neighbors': <scipy.stats._distn_infrastructure.rv_discrete_frozen object at 0x14a9b87d1150>,
                                        'pca__n_components': <scipy.stats._distn_infrastructure.rv_continuous_frozen object at 0x14a9b88820d0>},
                   random_state=42, refit='roc_auc', return_train_score=True,
                   scoring={'average_precision': 'average_precision',
                            'balanced_accuracy': 'balanced_accuracy',
                            'f1_score': 'f1', 'roc_auc': 'roc_auc'},
                   verbose=1)",0.5142045454545454,0.4928977272727273,0.3566241074746052,0.38461538461538464
341.83930587768555,0.016831636428833008,"RandomizedSearchCV(cv=StratifiedKFold(n_splits=4, random_state=42, shuffle=True),
                   estimator=Pipeline(steps=[('yjpt', PowerTransformer()),
                                             ('outlier_removal',
                                              FunctionSampler(func=<function lof_outlier_removal at 0x14a882b59120>,
                                                              kw_args={'algorithm': 'auto',
                                                                       'contamination': 0.05,
                                                                       'metric': 'manhattan',
                                                                       'n_neighbors': 20},
                                                              validate=False)),
                                             ('pca', PCA(svd_solver='ful...
                                        'oversampling__k_neighbors': <scipy.stats._distn_infrastructure.rv_discrete_frozen object at 0x14a883ed4890>,
                                        'pca__n_components': <scipy.stats._distn_infrastructure.rv_continuous_frozen object at 0x14a9b85d7790>},
                   random_state=42, refit='roc_auc', return_train_score=True,
                   scoring={'average_precision': 'average_precision',
                            'balanced_accuracy': 'balanced_accuracy',
                            'f1_score': 'f1', 'roc_auc': 'roc_auc'},
                   verbose=1)",0.5137310606060606,0.48153409090909094,0.3588608814913377,0.22641509433962265
345.9855999946594,0.017133474349975586,"RandomizedSearchCV(cv=StratifiedKFold(n_splits=4, random_state=42, shuffle=True),
                   estimator=Pipeline(steps=[('yjpt', PowerTransformer()),
                                             ('outlier_removal',
                                              FunctionSampler(func=<function lof_outlier_removal at 0x14a882b59120>,
                                                              kw_args={'algorithm': 'auto',
                                                                       'contamination': 0.05,
                                                                       'metric': 'manhattan',
                                                                       'n_neighbors': 20},
                                                              validate=False)),
                                             ('pca', PCA(svd_solver='ful...
                                        'oversampling__k_neighbors': <scipy.stats._distn_infrastructure.rv_discrete_frozen object at 0x14a9b8620550>,
                                        'pca__n_components': <scipy.stats._distn_infrastructure.rv_continuous_frozen object at 0x14a9b84c3590>},
                   random_state=42, refit='roc_auc', return_train_score=True,
                   scoring={'average_precision': 'average_precision',
                            'balanced_accuracy': 'balanced_accuracy',
                            'f1_score': 'f1', 'roc_auc': 'roc_auc'},
                   verbose=1)",0.5132575757575758,0.5319602272727273,0.3512849829568414,0.410958904109589
353.1788239479065,0.016376972198486328,"RandomizedSearchCV(cv=StratifiedKFold(n_splits=4, random_state=42, shuffle=True),
                   estimator=Pipeline(steps=[('yjpt', PowerTransformer()),
                                             ('outlier_removal',
                                              FunctionSampler(func=<function lof_outlier_removal at 0x14a882b59120>,
                                                              kw_args={'algorithm': 'auto',
                                                                       'contamination': 0.05,
                                                                       'metric': 'manhattan',
                                                                       'n_neighbors': 20},
                                                              validate=False)),
                                             ('pca', PCA(svd_solver='ful...
                                        'oversampling__k_neighbors': <scipy.stats._distn_infrastructure.rv_discrete_frozen object at 0x14a882bfd5d0>,
                                        'pca__n_components': <scipy.stats._distn_infrastructure.rv_continuous_frozen object at 0x14a9b827e890>},
                   random_state=42, refit='roc_auc', return_train_score=True,
                   scoring={'average_precision': 'average_precision',
                            'balanced_accuracy': 'balanced_accuracy',
                            'f1_score': 'f1', 'roc_auc': 'roc_auc'},
                   verbose=1)",0.5108901515151516,0.506155303030303,0.34645020126170356,0.43956043956043955
351.6747281551361,0.01780843734741211,"RandomizedSearchCV(cv=StratifiedKFold(n_splits=4, random_state=42, shuffle=True),
                   estimator=Pipeline(steps=[('yjpt', PowerTransformer()),
                                             ('outlier_removal',
                                              FunctionSampler(func=<function lof_outlier_removal at 0x14a882b59120>,
                                                              kw_args={'algorithm': 'auto',
                                                                       'contamination': 0.05,
                                                                       'metric': 'manhattan',
                                                                       'n_neighbors': 20},
                                                              validate=False)),
                                             ('pca', PCA(svd_solver='ful...
                                        'oversampling__k_neighbors': <scipy.stats._distn_infrastructure.rv_discrete_frozen object at 0x14a9b87e8210>,
                                        'pca__n_components': <scipy.stats._distn_infrastructure.rv_continuous_frozen object at 0x14a9b85073d0>},
                   random_state=42, refit='roc_auc', return_train_score=True,
                   scoring={'average_precision': 'average_precision',
                            'balanced_accuracy': 'balanced_accuracy',
                            'f1_score': 'f1', 'roc_auc': 'roc_auc'},
                   verbose=1)",0.5047348484848484,0.4850852272727273,0.3529160036032044,0.379746835443038
350.44271874427795,0.01711726188659668,"RandomizedSearchCV(cv=StratifiedKFold(n_splits=4, random_state=42, shuffle=True),
                   estimator=Pipeline(steps=[('yjpt', PowerTransformer()),
                                             ('outlier_removal',
                                              FunctionSampler(func=<function lof_outlier_removal at 0x14a882b59120>,
                                                              kw_args={'algorithm': 'auto',
                                                                       'contamination': 0.05,
                                                                       'metric': 'manhattan',
                                                                       'n_neighbors': 20},
                                                              validate=False)),
                                             ('pca', PCA(svd_solver='ful...
                                        'oversampling__k_neighbors': <scipy.stats._distn_infrastructure.rv_discrete_frozen object at 0x14a882bcf4d0>,
                                        'pca__n_components': <scipy.stats._distn_infrastructure.rv_continuous_frozen object at 0x14a9b8392f50>},
                   random_state=42, refit='roc_auc', return_train_score=True,
                   scoring={'average_precision': 'average_precision',
                            'balanced_accuracy': 'balanced_accuracy',
                            'f1_score': 'f1', 'roc_auc': 'roc_auc'},
                   verbose=1)",0.5028409090909091,0.4865056818181818,0.37342623069616154,0.34285714285714286
335.6768250465393,0.016887664794921875,"RandomizedSearchCV(cv=StratifiedKFold(n_splits=4, random_state=42, shuffle=True),
                   estimator=Pipeline(steps=[('yjpt', PowerTransformer()),
                                             ('outlier_removal',
                                              FunctionSampler(func=<function lof_outlier_removal at 0x14a882b59120>,
                                                              kw_args={'algorithm': 'auto',
                                                                       'contamination': 0.05,
                                                                       'metric': 'manhattan',
                                                                       'n_neighbors': 20},
                                                              validate=False)),
                                             ('pca', PCA(svd_solver='ful...
                                        'oversampling__k_neighbors': <scipy.stats._distn_infrastructure.rv_discrete_frozen object at 0x14a882bd9350>,
                                        'pca__n_components': <scipy.stats._distn_infrastructure.rv_continuous_frozen object at 0x14a9b86ed610>},
                   random_state=42, refit='roc_auc', return_train_score=True,
                   scoring={'average_precision': 'average_precision',
                            'balanced_accuracy': 'balanced_accuracy',
                            'f1_score': 'f1', 'roc_auc': 'roc_auc'},
                   verbose=1)",0.49999999999999994,0.46898674242424243,0.3569191765692556,0.38095238095238093
322.05888628959656,0.01771259307861328,"RandomizedSearchCV(cv=StratifiedKFold(n_splits=4, random_state=42, shuffle=True),
                   estimator=Pipeline(steps=[('yjpt', PowerTransformer()),
                                             ('outlier_removal',
                                              FunctionSampler(func=<function lof_outlier_removal at 0x14a882b59120>,
                                                              kw_args={'algorithm': 'auto',
                                                                       'contamination': 0.05,
                                                                       'metric': 'manhattan',
                                                                       'n_neighbors': 20},
                                                              validate=False)),
                                             ('pca', PCA(svd_solver='ful...
                                        'oversampling__k_neighbors': <scipy.stats._distn_infrastructure.rv_discrete_frozen object at 0x14a9b89fb1d0>,
                                        'pca__n_components': <scipy.stats._distn_infrastructure.rv_continuous_frozen object at 0x14a9b89fa890>},
                   random_state=42, refit='roc_auc', return_train_score=True,
                   scoring={'average_precision': 'average_precision',
                            'balanced_accuracy': 'balanced_accuracy',
                            'f1_score': 'f1', 'roc_auc': 'roc_auc'},
                   verbose=1)",0.49289772727272724,0.5,0.3381187423044625,0.0
341.3819146156311,0.01617145538330078,"RandomizedSearchCV(cv=StratifiedKFold(n_splits=4, random_state=42, shuffle=True),
                   estimator=Pipeline(steps=[('yjpt', PowerTransformer()),
                                             ('outlier_removal',
                                              FunctionSampler(func=<function lof_outlier_removal at 0x14a882b59120>,
                                                              kw_args={'algorithm': 'auto',
                                                                       'contamination': 0.05,
                                                                       'metric': 'manhattan',
                                                                       'n_neighbors': 20},
                                                              validate=False)),
                                             ('pca', PCA(svd_solver='ful...
                                        'oversampling__k_neighbors': <scipy.stats._distn_infrastructure.rv_discrete_frozen object at 0x14a9b89a2ad0>,
                                        'pca__n_components': <scipy.stats._distn_infrastructure.rv_continuous_frozen object at 0x14a9b8597790>},
                   random_state=42, refit='roc_auc', return_train_score=True,
                   scoring={'average_precision': 'average_precision',
                            'balanced_accuracy': 'balanced_accuracy',
                            'f1_score': 'f1', 'roc_auc': 'roc_auc'},
                   verbose=1)",0.49242424242424243,0.42211174242424243,0.40168491315440125,0.35555555555555557
374.7849190235138,0.01540994644165039,"RandomizedSearchCV(cv=StratifiedKFold(n_splits=4, random_state=42, shuffle=True),
                   estimator=Pipeline(steps=[('yjpt', PowerTransformer()),
                                             ('outlier_removal',
                                              FunctionSampler(func=<function lof_outlier_removal at 0x14a882b59120>,
                                                              kw_args={'algorithm': 'auto',
                                                                       'contamination': 0.05,
                                                                       'metric': 'manhattan',
                                                                       'n_neighbors': 20},
                                                              validate=False)),
                                             ('pca', PCA(svd_solver='ful...
                                        'oversampling__k_neighbors': <scipy.stats._distn_infrastructure.rv_discrete_frozen object at 0x14a9b892d410>,
                                        'pca__n_components': <scipy.stats._distn_infrastructure.rv_continuous_frozen object at 0x14a9b8317790>},
                   random_state=42, refit='roc_auc', return_train_score=True,
                   scoring={'average_precision': 'average_precision',
                            'balanced_accuracy': 'balanced_accuracy',
                            'f1_score': 'f1', 'roc_auc': 'roc_auc'},
                   verbose=1)",0.4848484848484848,0.5227272727272727,0.3378597551310995,0.43373493975903615
337.9582016468048,0.01715540885925293,"RandomizedSearchCV(cv=StratifiedKFold(n_splits=4, random_state=42, shuffle=True),
                   estimator=Pipeline(steps=[('yjpt', PowerTransformer()),
                                             ('outlier_removal',
                                              FunctionSampler(func=<function lof_outlier_removal at 0x14a882b59120>,
                                                              kw_args={'algorithm': 'auto',
                                                                       'contamination': 0.05,
                                                                       'metric': 'manhattan',
                                                                       'n_neighbors': 20},
                                                              validate=False)),
                                             ('pca', PCA(svd_solver='ful...
                                        'oversampling__k_neighbors': <scipy.stats._distn_infrastructure.rv_discrete_frozen object at 0x14a9b8935350>,
                                        'pca__n_components': <scipy.stats._distn_infrastructure.rv_continuous_frozen object at 0x14a9b8683b90>},
                   random_state=42, refit='roc_auc', return_train_score=True,
                   scoring={'average_precision': 'average_precision',
                            'balanced_accuracy': 'balanced_accuracy',
                            'f1_score': 'f1', 'roc_auc': 'roc_auc'},
                   verbose=1)",0.4820075757575757,0.4571496212121212,0.36049365221183877,0.25806451612903225
333.225462436676,0.016565799713134766,"RandomizedSearchCV(cv=StratifiedKFold(n_splits=4, random_state=42, shuffle=True),
                   estimator=Pipeline(steps=[('yjpt', PowerTransformer()),
                                             ('outlier_removal',
                                              FunctionSampler(func=<function lof_outlier_removal at 0x14a882b59120>,
                                                              kw_args={'algorithm': 'auto',
                                                                       'contamination': 0.05,
                                                                       'metric': 'manhattan',
                                                                       'n_neighbors': 20},
                                                              validate=False)),
                                             ('pca', PCA(svd_solver='ful...
                                        'oversampling__k_neighbors': <scipy.stats._distn_infrastructure.rv_discrete_frozen object at 0x14a9b87e7a90>,
                                        'pca__n_components': <scipy.stats._distn_infrastructure.rv_continuous_frozen object at 0x14a9b88a2bd0>},
                   random_state=42, refit='roc_auc', return_train_score=True,
                   scoring={'average_precision': 'average_precision',
                            'balanced_accuracy': 'balanced_accuracy',
                            'f1_score': 'f1', 'roc_auc': 'roc_auc'},
                   verbose=1)",0.47821969696969696,0.4772727272727273,0.3788862369228362,0.375
364.2145972251892,0.01478123664855957,"RandomizedSearchCV(cv=StratifiedKFold(n_splits=4, random_state=42, shuffle=True),
                   estimator=Pipeline(steps=[('yjpt', PowerTransformer()),
                                             ('outlier_removal',
                                              FunctionSampler(func=<function lof_outlier_removal at 0x14a882b59120>,
                                                              kw_args={'algorithm': 'auto',
                                                                       'contamination': 0.05,
                                                                       'metric': 'manhattan',
                                                                       'n_neighbors': 20},
                                                              validate=False)),
                                             ('pca', PCA(svd_solver='ful...
                                        'oversampling__k_neighbors': <scipy.stats._distn_infrastructure.rv_discrete_frozen object at 0x14a9b89ad4d0>,
                                        'pca__n_components': <scipy.stats._distn_infrastructure.rv_continuous_frozen object at 0x14a9b82c3510>},
                   random_state=42, refit='roc_auc', return_train_score=True,
                   scoring={'average_precision': 'average_precision',
                            'balanced_accuracy': 'balanced_accuracy',
                            'f1_score': 'f1', 'roc_auc': 'roc_auc'},
                   verbose=1)",0.4781709558823529,0.4517463235294118,0.3364993249770005,0.2898550724637681
371.0112669467926,0.015396833419799805,"RandomizedSearchCV(cv=StratifiedKFold(n_splits=4, random_state=42, shuffle=True),
                   estimator=Pipeline(steps=[('yjpt', PowerTransformer()),
                                             ('outlier_removal',
                                              FunctionSampler(func=<function lof_outlier_removal at 0x14a882b59120>,
                                                              kw_args={'algorithm': 'auto',
                                                                       'contamination': 0.05,
                                                                       'metric': 'manhattan',
                                                                       'n_neighbors': 20},
                                                              validate=False)),
                                             ('pca', PCA(svd_solver='ful...
                                        'oversampling__k_neighbors': <scipy.stats._distn_infrastructure.rv_discrete_frozen object at 0x14a9b897d390>,
                                        'pca__n_components': <scipy.stats._distn_infrastructure.rv_continuous_frozen object at 0x14a9b82ae090>},
                   random_state=42, refit='roc_auc', return_train_score=True,
                   scoring={'average_precision': 'average_precision',
                            'balanced_accuracy': 'balanced_accuracy',
                            'f1_score': 'f1', 'roc_auc': 'roc_auc'},
                   verbose=1)",0.4758522727272727,0.5108901515151515,0.3300310386617391,0.32786885245901637
326.71597146987915,0.017184019088745117,"RandomizedSearchCV(cv=StratifiedKFold(n_splits=4, random_state=42, shuffle=True),
                   estimator=Pipeline(steps=[('yjpt', PowerTransformer()),
                                             ('outlier_removal',
                                              FunctionSampler(func=<function lof_outlier_removal at 0x14a882b59120>,
                                                              kw_args={'algorithm': 'auto',
                                                                       'contamination': 0.05,
                                                                       'metric': 'manhattan',
                                                                       'n_neighbors': 20},
                                                              validate=False)),
                                             ('pca', PCA(svd_solver='ful...
                                        'oversampling__k_neighbors': <scipy.stats._distn_infrastructure.rv_discrete_frozen object at 0x14a9b89edb50>,
                                        'pca__n_components': <scipy.stats._distn_infrastructure.rv_continuous_frozen object at 0x14a9b87ffc50>},
                   random_state=42, refit='roc_auc', return_train_score=True,
                   scoring={'average_precision': 'average_precision',
                            'balanced_accuracy': 'balanced_accuracy',
                            'f1_score': 'f1', 'roc_auc': 'roc_auc'},
                   verbose=1)",0.4710477941176471,0.4439338235294118,0.36623471594254475,0.2857142857142857
338.8612892627716,0.01648855209350586,"RandomizedSearchCV(cv=StratifiedKFold(n_splits=4, random_state=42, shuffle=True),
                   estimator=Pipeline(steps=[('yjpt', PowerTransformer()),
                                             ('outlier_removal',
                                              FunctionSampler(func=<function lof_outlier_removal at 0x14a882b59120>,
                                                              kw_args={'algorithm': 'auto',
                                                                       'contamination': 0.05,
                                                                       'metric': 'manhattan',
                                                                       'n_neighbors': 20},
                                                              validate=False)),
                                             ('pca', PCA(svd_solver='ful...
                                        'oversampling__k_neighbors': <scipy.stats._distn_infrastructure.rv_discrete_frozen object at 0x14a9b89b5550>,
                                        'pca__n_components': <scipy.stats._distn_infrastructure.rv_continuous_frozen object at 0x14a9b87263d0>},
                   random_state=42, refit='roc_auc', return_train_score=True,
                   scoring={'average_precision': 'average_precision',
                            'balanced_accuracy': 'balanced_accuracy',
                            'f1_score': 'f1', 'roc_auc': 'roc_auc'},
                   verbose=1)",0.4569128787878788,0.4758522727272727,0.37572380120096605,0.4044943820224719
333.88465189933777,0.016335010528564453,"RandomizedSearchCV(cv=StratifiedKFold(n_splits=4, random_state=42, shuffle=True),
                   estimator=Pipeline(steps=[('yjpt', PowerTransformer()),
                                             ('outlier_removal',
                                              FunctionSampler(func=<function lof_outlier_removal at 0x14a882b59120>,
                                                              kw_args={'algorithm': 'auto',
                                                                       'contamination': 0.05,
                                                                       'metric': 'manhattan',
                                                                       'n_neighbors': 20},
                                                              validate=False)),
                                             ('pca', PCA(svd_solver='ful...
                                        'oversampling__k_neighbors': <scipy.stats._distn_infrastructure.rv_discrete_frozen object at 0x14a882be5290>,
                                        'pca__n_components': <scipy.stats._distn_infrastructure.rv_continuous_frozen object at 0x14a9b868bf50>},
                   random_state=42, refit='roc_auc', return_train_score=True,
                   scoring={'average_precision': 'average_precision',
                            'balanced_accuracy': 'balanced_accuracy',
                            'f1_score': 'f1', 'roc_auc': 'roc_auc'},
                   verbose=1)",0.43152573529411764,0.41681985294117646,0.3128595112204905,0.32941176470588235
348.911838054657,0.017250776290893555,"RandomizedSearchCV(cv=StratifiedKFold(n_splits=4, random_state=42, shuffle=True),
                   estimator=Pipeline(steps=[('yjpt', PowerTransformer()),
                                             ('outlier_removal',
                                              FunctionSampler(func=<function lof_outlier_removal at 0x14a882b59120>,
                                                              kw_args={'algorithm': 'auto',
                                                                       'contamination': 0.05,
                                                                       'metric': 'manhattan',
                                                                       'n_neighbors': 20},
                                                              validate=False)),
                                             ('pca', PCA(svd_solver='ful...
                                        'oversampling__k_neighbors': <scipy.stats._distn_infrastructure.rv_discrete_frozen object at 0x14a882bcd290>,
                                        'pca__n_components': <scipy.stats._distn_infrastructure.rv_continuous_frozen object at 0x14a9b854f790>},
                   random_state=42, refit='roc_auc', return_train_score=True,
                   scoring={'average_precision': 'average_precision',
                            'balanced_accuracy': 'balanced_accuracy',
                            'f1_score': 'f1', 'roc_auc': 'roc_auc'},
                   verbose=1)",0.42237762237762233,0.5074592074592075,0.30681372341180657,0.05714285714285714
326.7887191772461,0.017621994018554688,"RandomizedSearchCV(cv=StratifiedKFold(n_splits=4, random_state=42, shuffle=True),
                   estimator=Pipeline(steps=[('yjpt', PowerTransformer()),
                                             ('outlier_removal',
                                              FunctionSampler(func=<function lof_outlier_removal at 0x14a882b59120>,
                                                              kw_args={'algorithm': 'auto',
                                                                       'contamination': 0.05,
                                                                       'metric': 'manhattan',
                                                                       'n_neighbors': 20},
                                                              validate=False)),
                                             ('pca', PCA(svd_solver='ful...
                                        'oversampling__k_neighbors': <scipy.stats._distn_infrastructure.rv_discrete_frozen object at 0x14a9b892f950>,
                                        'pca__n_components': <scipy.stats._distn_infrastructure.rv_continuous_frozen object at 0x14a9b8818a50>},
                   random_state=42, refit='roc_auc', return_train_score=True,
                   scoring={'average_precision': 'average_precision',
                            'balanced_accuracy': 'balanced_accuracy',
                            'f1_score': 'f1', 'roc_auc': 'roc_auc'},
                   verbose=1)",0.4209280303030302,0.42542613636363635,0.3009635386051209,0.2608695652173913
339.199556350708,0.014678001403808594,"RandomizedSearchCV(cv=StratifiedKFold(n_splits=4, random_state=42, shuffle=True),
                   estimator=Pipeline(steps=[('yjpt', PowerTransformer()),
                                             ('outlier_removal',
                                              FunctionSampler(func=<function lof_outlier_removal at 0x14a882b59120>,
                                                              kw_args={'algorithm': 'auto',
                                                                       'contamination': 0.05,
                                                                       'metric': 'manhattan',
                                                                       'n_neighbors': 20},
                                                              validate=False)),
                                             ('pca', PCA(svd_solver='ful...
                                        'oversampling__k_neighbors': <scipy.stats._distn_infrastructure.rv_discrete_frozen object at 0x14a882c01350>,
                                        'pca__n_components': <scipy.stats._distn_infrastructure.rv_continuous_frozen object at 0x14a9b87525d0>},
                   random_state=42, refit='roc_auc', return_train_score=True,
                   scoring={'average_precision': 'average_precision',
                            'balanced_accuracy': 'balanced_accuracy',
                            'f1_score': 'f1', 'roc_auc': 'roc_auc'},
                   verbose=1)",0.4119318181818182,0.4943181818181818,0.32842114473224115,0.34782608695652173
344.4095959663391,0.01813817024230957,"RandomizedSearchCV(cv=StratifiedKFold(n_splits=4, random_state=42, shuffle=True),
                   estimator=Pipeline(steps=[('yjpt', PowerTransformer()),
                                             ('outlier_removal',
                                              FunctionSampler(func=<function lof_outlier_removal at 0x14a882b59120>,
                                                              kw_args={'algorithm': 'auto',
                                                                       'contamination': 0.05,
                                                                       'metric': 'manhattan',
                                                                       'n_neighbors': 20},
                                                              validate=False)),
                                             ('pca', PCA(svd_solver='ful...
                                        'oversampling__k_neighbors': <scipy.stats._distn_infrastructure.rv_discrete_frozen object at 0x14a9b87e5210>,
                                        'pca__n_components': <scipy.stats._distn_infrastructure.rv_continuous_frozen object at 0x14a9b84aab10>},
                   random_state=42, refit='roc_auc', return_train_score=True,
                   scoring={'average_precision': 'average_precision',
                            'balanced_accuracy': 'balanced_accuracy',
                            'f1_score': 'f1', 'roc_auc': 'roc_auc'},
                   verbose=1)",0.41098484848484845,0.5,0.2906534408052276,0.0
322.7465236186981,0.016689777374267578,"RandomizedSearchCV(cv=StratifiedKFold(n_splits=4, random_state=42, shuffle=True),
                   estimator=Pipeline(steps=[('yjpt', PowerTransformer()),
                                             ('outlier_removal',
                                              FunctionSampler(func=<function lof_outlier_removal at 0x14a882b59120>,
                                                              kw_args={'algorithm': 'auto',
                                                                       'contamination': 0.05,
                                                                       'metric': 'manhattan',
                                                                       'n_neighbors': 20},
                                                              validate=False)),
                                             ('pca', PCA(svd_solver='ful...
                                        'oversampling__k_neighbors': <scipy.stats._distn_infrastructure.rv_discrete_frozen object at 0x14a882c03310>,
                                        'pca__n_components': <scipy.stats._distn_infrastructure.rv_continuous_frozen object at 0x14a9b8942e90>},
                   random_state=42, refit='roc_auc', return_train_score=True,
                   scoring={'average_precision': 'average_precision',
                            'balanced_accuracy': 'balanced_accuracy',
                            'f1_score': 'f1', 'roc_auc': 'roc_auc'},
                   verbose=1)",0.3991477272727273,0.46898674242424243,0.2897360997935445,0.38095238095238093
346.8883526325226,0.017526626586914062,"RandomizedSearchCV(cv=StratifiedKFold(n_splits=4, random_state=42, shuffle=True),
                   estimator=Pipeline(steps=[('yjpt', PowerTransformer()),
                                             ('outlier_removal',
                                              FunctionSampler(func=<function lof_outlier_removal at 0x14a882b59120>,
                                                              kw_args={'algorithm': 'auto',
                                                                       'contamination': 0.05,
                                                                       'metric': 'manhattan',
                                                                       'n_neighbors': 20},
                                                              validate=False)),
                                             ('pca', PCA(svd_solver='ful...
                                        'oversampling__k_neighbors': <scipy.stats._distn_infrastructure.rv_discrete_frozen object at 0x14a9b87e1890>,
                                        'pca__n_components': <scipy.stats._distn_infrastructure.rv_continuous_frozen object at 0x14a9b86171d0>},
                   random_state=42, refit='roc_auc', return_train_score=True,
                   scoring={'average_precision': 'average_precision',
                            'balanced_accuracy': 'balanced_accuracy',
                            'f1_score': 'f1', 'roc_auc': 'roc_auc'},
                   verbose=1)",0.3827505827505827,0.47459207459207464,0.2831454872969573,0.30303030303030304
355.2211265563965,0.01630234718322754,"RandomizedSearchCV(cv=StratifiedKFold(n_splits=4, random_state=42, shuffle=True),
                   estimator=Pipeline(steps=[('yjpt', PowerTransformer()),
                                             ('outlier_removal',
                                              FunctionSampler(func=<function lof_outlier_removal at 0x14a882b59120>,
                                                              kw_args={'algorithm': 'auto',
                                                                       'contamination': 0.05,
                                                                       'metric': 'manhattan',
                                                                       'n_neighbors': 20},
                                                              validate=False)),
                                             ('pca', PCA(svd_solver='ful...
                                        'oversampling__k_neighbors': <scipy.stats._distn_infrastructure.rv_discrete_frozen object at 0x14a9b89a3b90>,
                                        'pca__n_components': <scipy.stats._distn_infrastructure.rv_continuous_frozen object at 0x14a9b82a34d0>},
                   random_state=42, refit='roc_auc', return_train_score=True,
                   scoring={'average_precision': 'average_precision',
                            'balanced_accuracy': 'balanced_accuracy',
                            'f1_score': 'f1', 'roc_auc': 'roc_auc'},
                   verbose=1)",0.3418560606060606,0.3858901515151515,0.2764841995428645,0.2597402597402597
