fit_time,score_time,estimator,test_roc_auc,test_balanced_accuracy,test_average_precision,test_f1_score,best_params
130.0131552219391,0.013878822326660156,"RandomizedSearchCV(cv=StratifiedKFold(n_splits=5, random_state=42, shuffle=True),
                   estimator=Pipeline(steps=[('yjpt', PowerTransformer()),
                                             ('outlier_removal',
                                              FunctionSampler(func=<function lof_outlier_removal at 0x1513f8ebb1a0>,
                                                              kw_args={'algorithm': 'auto',
                                                                       'contamination': 0.05,
                                                                       'metric': 'manhattan',
                                                                       'n_neighbors': 20},
                                                              validate=False)),
                                             ('feature_selection',
                                              PCA(s...
                                        'classifier__gamma': <scipy.stats._distn_infrastructure.rv_continuous_frozen object at 0x1513f8f18610>,
                                        'classifier__kernel': ['rbf'],
                                        'feature_selection__n_components': <scipy.stats._distn_infrastructure.rv_continuous_frozen object at 0x1512d67b3890>,
                                        'oversampling__k_neighbors': <scipy.stats._distn_infrastructure.rv_discrete_frozen object at 0x1512d682db10>},
                   random_state=42, scoring='roc_auc', verbose=1)",0.6389448616962814,0.6351895951639495,0.45837954146982607,0.5547445255474452,"{'classifier__C': np.float64(1.0797151434089138), 'classifier__gamma': np.float64(0.0011669012872620147), 'classifier__kernel': 'rbf', 'feature_selection__n_components': np.float64(0.6451478439073702), 'oversampling__k_neighbors': 3}"
128.54122924804688,0.013394832611083984,"RandomizedSearchCV(cv=StratifiedKFold(n_splits=5, random_state=42, shuffle=True),
                   estimator=Pipeline(steps=[('yjpt', PowerTransformer()),
                                             ('outlier_removal',
                                              FunctionSampler(func=<function lof_outlier_removal at 0x1513f8eba7a0>,
                                                              kw_args={'algorithm': 'auto',
                                                                       'contamination': 0.05,
                                                                       'metric': 'manhattan',
                                                                       'n_neighbors': 20},
                                                              validate=False)),
                                             ('feature_selection',
                                              PCA(s...
                                        'classifier__gamma': <scipy.stats._distn_infrastructure.rv_continuous_frozen object at 0x1513f8efd8d0>,
                                        'classifier__kernel': ['rbf'],
                                        'feature_selection__n_components': <scipy.stats._distn_infrastructure.rv_continuous_frozen object at 0x1513f8efff50>,
                                        'oversampling__k_neighbors': <scipy.stats._distn_infrastructure.rv_discrete_frozen object at 0x1513f9113f90>},
                   random_state=42, scoring='roc_auc', verbose=1)",0.546437076387617,0.5664956951822678,0.43425376739781796,0.42990654205607476,"{'classifier__C': np.float64(570551.6122343824), 'classifier__gamma': np.float64(1.0049992305700095), 'classifier__kernel': 'rbf', 'feature_selection__n_components': np.float64(0.5184803825455441), 'oversampling__k_neighbors': 5}"
123.76008772850037,0.012944221496582031,"RandomizedSearchCV(cv=StratifiedKFold(n_splits=5, random_state=42, shuffle=True),
                   estimator=Pipeline(steps=[('yjpt', PowerTransformer()),
                                             ('outlier_removal',
                                              FunctionSampler(func=<function lof_outlier_removal at 0x1513f900f560>,
                                                              kw_args={'algorithm': 'auto',
                                                                       'contamination': 0.05,
                                                                       'metric': 'manhattan',
                                                                       'n_neighbors': 20},
                                                              validate=False)),
                                             ('feature_selection',
                                              PCA(s...
                                        'classifier__gamma': <scipy.stats._distn_infrastructure.rv_continuous_frozen object at 0x1513f8e84950>,
                                        'classifier__kernel': ['rbf'],
                                        'feature_selection__n_components': <scipy.stats._distn_infrastructure.rv_continuous_frozen object at 0x1513f8e7b3d0>,
                                        'oversampling__k_neighbors': <scipy.stats._distn_infrastructure.rv_discrete_frozen object at 0x1512d6820590>},
                   random_state=42, scoring='roc_auc', verbose=1)",0.5365451547902547,0.5337973987909873,0.38359041741050104,0.47368421052631576,"{'classifier__C': np.float64(275508.2946001167), 'classifier__gamma': np.float64(3.111092443145132e-05), 'classifier__kernel': 'rbf', 'feature_selection__n_components': np.float64(0.5940134229269121), 'oversampling__k_neighbors': 4}"
116.9827709197998,0.013585567474365234,"RandomizedSearchCV(cv=StratifiedKFold(n_splits=5, random_state=42, shuffle=True),
                   estimator=Pipeline(steps=[('yjpt', PowerTransformer()),
                                             ('outlier_removal',
                                              FunctionSampler(func=<function lof_outlier_removal at 0x1513f8f6c680>,
                                                              kw_args={'algorithm': 'auto',
                                                                       'contamination': 0.05,
                                                                       'metric': 'manhattan',
                                                                       'n_neighbors': 20},
                                                              validate=False)),
                                             ('feature_selection',
                                              PCA(s...
                                        'classifier__gamma': <scipy.stats._distn_infrastructure.rv_continuous_frozen object at 0x1513f8f5ce50>,
                                        'classifier__kernel': ['rbf'],
                                        'feature_selection__n_components': <scipy.stats._distn_infrastructure.rv_continuous_frozen object at 0x1513f8f3dad0>,
                                        'oversampling__k_neighbors': <scipy.stats._distn_infrastructure.rv_discrete_frozen object at 0x1512d6848b50>},
                   random_state=42, scoring='roc_auc', verbose=1)",0.5344987051424344,0.5,0.3408700122209948,0.0,"{'classifier__C': np.float64(2544.0224315041837), 'classifier__gamma': np.float64(1.4012409951405813), 'classifier__kernel': 'rbf', 'feature_selection__n_components': np.float64(0.5940822293319712), 'oversampling__k_neighbors': 4}"
117.85864305496216,0.015455961227416992,"RandomizedSearchCV(cv=StratifiedKFold(n_splits=5, random_state=42, shuffle=True),
                   estimator=Pipeline(steps=[('yjpt', PowerTransformer()),
                                             ('outlier_removal',
                                              FunctionSampler(func=<function lof_outlier_removal at 0x1513f8f6d800>,
                                                              kw_args={'algorithm': 'auto',
                                                                       'contamination': 0.05,
                                                                       'metric': 'manhattan',
                                                                       'n_neighbors': 20},
                                                              validate=False)),
                                             ('feature_selection',
                                              PCA(s...
                                        'classifier__gamma': <scipy.stats._distn_infrastructure.rv_continuous_frozen object at 0x1513f8f86290>,
                                        'classifier__kernel': ['rbf'],
                                        'feature_selection__n_components': <scipy.stats._distn_infrastructure.rv_continuous_frozen object at 0x1513f8f86810>,
                                        'oversampling__k_neighbors': <scipy.stats._distn_infrastructure.rv_discrete_frozen object at 0x1512d6840f10>},
                   random_state=42, scoring='roc_auc', verbose=1)",0.5246022937476876,0.5163706992230854,0.35927180532781344,0.38596491228070173,"{'classifier__C': np.float64(1823.4889604457594), 'classifier__gamma': np.float64(0.0950955562980528), 'classifier__kernel': 'rbf', 'feature_selection__n_components': np.float64(0.5421536455226417), 'oversampling__k_neighbors': 5}"
128.21785974502563,0.012752294540405273,"RandomizedSearchCV(cv=StratifiedKFold(n_splits=5, random_state=42, shuffle=True),
                   estimator=Pipeline(steps=[('yjpt', PowerTransformer()),
                                             ('outlier_removal',
                                              FunctionSampler(func=<function lof_outlier_removal at 0x1513f8eb9da0>,
                                                              kw_args={'algorithm': 'auto',
                                                                       'contamination': 0.05,
                                                                       'metric': 'manhattan',
                                                                       'n_neighbors': 20},
                                                              validate=False)),
                                             ('feature_selection',
                                              PCA(s...
                                        'classifier__gamma': <scipy.stats._distn_infrastructure.rv_continuous_frozen object at 0x1513f8edac50>,
                                        'classifier__kernel': ['rbf'],
                                        'feature_selection__n_components': <scipy.stats._distn_infrastructure.rv_continuous_frozen object at 0x1513f8edb190>,
                                        'oversampling__k_neighbors': <scipy.stats._distn_infrastructure.rv_discrete_frozen object at 0x1512d685aed0>},
                   random_state=42, scoring='roc_auc', verbose=1)",0.524047354790973,0.5047169811320755,0.392993496947567,0.4122137404580153,"{'classifier__C': np.float64(21.841779839273965), 'classifier__gamma': np.float64(0.00035871924206217447), 'classifier__kernel': 'rbf', 'feature_selection__n_components': np.float64(0.5539394153001572), 'oversampling__k_neighbors': 6}"
145.27954173088074,0.017075538635253906,"RandomizedSearchCV(cv=StratifiedKFold(n_splits=5, random_state=42, shuffle=True),
                   estimator=Pipeline(steps=[('yjpt', PowerTransformer()),
                                             ('outlier_removal',
                                              FunctionSampler(func=<function lof_outlier_removal at 0x1513f8d7b880>,
                                                              kw_args={'algorithm': 'auto',
                                                                       'contamination': 0.05,
                                                                       'metric': 'manhattan',
                                                                       'n_neighbors': 20},
                                                              validate=False)),
                                             ('feature_selection',
                                              PCA(s...
                                        'classifier__gamma': <scipy.stats._distn_infrastructure.rv_continuous_frozen object at 0x1513f8df0d10>,
                                        'classifier__kernel': ['rbf'],
                                        'feature_selection__n_components': <scipy.stats._distn_infrastructure.rv_continuous_frozen object at 0x1513f8dd2890>,
                                        'oversampling__k_neighbors': <scipy.stats._distn_infrastructure.rv_discrete_frozen object at 0x1512d684bd50>},
                   random_state=42, scoring='roc_auc', verbose=1)",0.5237222934603407,0.5050375526653234,0.3748080070682539,0.3333333333333333,"{'classifier__C': np.float64(0.039116250066838325), 'classifier__gamma': np.float64(0.003230428252240959), 'classifier__kernel': 'rbf', 'feature_selection__n_components': np.float64(0.5521410767863084), 'oversampling__k_neighbors': 3}"
135.39302778244019,0.013621091842651367,"RandomizedSearchCV(cv=StratifiedKFold(n_splits=5, random_state=42, shuffle=True),
                   estimator=Pipeline(steps=[('yjpt', PowerTransformer()),
                                             ('outlier_removal',
                                              FunctionSampler(func=<function lof_outlier_removal at 0x1513f8d7a020>,
                                                              kw_args={'algorithm': 'auto',
                                                                       'contamination': 0.05,
                                                                       'metric': 'manhattan',
                                                                       'n_neighbors': 20},
                                                              validate=False)),
                                             ('feature_selection',
                                              PCA(s...
                                        'classifier__gamma': <scipy.stats._distn_infrastructure.rv_continuous_frozen object at 0x1513f8dacd50>,
                                        'classifier__kernel': ['rbf'],
                                        'feature_selection__n_components': <scipy.stats._distn_infrastructure.rv_continuous_frozen object at 0x1513f8f339d0>,
                                        'oversampling__k_neighbors': <scipy.stats._distn_infrastructure.rv_discrete_frozen object at 0x1512d6817dd0>},
                   random_state=42, scoring='roc_auc', verbose=1)",0.5229895585272027,0.5365451547902547,0.34094389707321265,0.4262295081967213,"{'classifier__C': np.float64(0.45027193536160615), 'classifier__gamma': np.float64(0.0008274235760837795), 'classifier__kernel': 'rbf', 'feature_selection__n_components': np.float64(0.5965651038687684), 'oversampling__k_neighbors': 4}"
117.4559485912323,0.013436079025268555,"RandomizedSearchCV(cv=StratifiedKFold(n_splits=5, random_state=42, shuffle=True),
                   estimator=Pipeline(steps=[('yjpt', PowerTransformer()),
                                             ('outlier_removal',
                                              FunctionSampler(func=<function lof_outlier_removal at 0x1513f8f6cea0>,
                                                              kw_args={'algorithm': 'auto',
                                                                       'contamination': 0.05,
                                                                       'metric': 'manhattan',
                                                                       'n_neighbors': 20},
                                                              validate=False)),
                                             ('feature_selection',
                                              PCA(s...
                                        'classifier__gamma': <scipy.stats._distn_infrastructure.rv_continuous_frozen object at 0x1513f8f5cd90>,
                                        'classifier__kernel': ['rbf'],
                                        'feature_selection__n_components': <scipy.stats._distn_infrastructure.rv_continuous_frozen object at 0x1513f8f66a10>,
                                        'oversampling__k_neighbors': <scipy.stats._distn_infrastructure.rv_discrete_frozen object at 0x1512d680bb50>},
                   random_state=42, scoring='roc_auc', verbose=1)",0.5196078431372548,0.5061968183499815,0.3745641957901706,0.3865546218487395,"{'classifier__C': np.float64(533.5112055356554), 'classifier__gamma': np.float64(0.5532870850012646), 'classifier__kernel': 'rbf', 'feature_selection__n_components': np.float64(0.5074645230175353), 'oversampling__k_neighbors': 5}"
123.92964839935303,0.014082908630371094,"RandomizedSearchCV(cv=StratifiedKFold(n_splits=5, random_state=42, shuffle=True),
                   estimator=Pipeline(steps=[('yjpt', PowerTransformer()),
                                             ('outlier_removal',
                                              FunctionSampler(func=<function lof_outlier_removal at 0x1513f8eb8040>,
                                                              kw_args={'algorithm': 'auto',
                                                                       'contamination': 0.05,
                                                                       'metric': 'manhattan',
                                                                       'n_neighbors': 20},
                                                              validate=False)),
                                             ('feature_selection',
                                              PCA(s...
                                        'classifier__gamma': <scipy.stats._distn_infrastructure.rv_continuous_frozen object at 0x1513f8e7b290>,
                                        'classifier__kernel': ['rbf'],
                                        'feature_selection__n_components': <scipy.stats._distn_infrastructure.rv_continuous_frozen object at 0x1513f8e91f50>,
                                        'oversampling__k_neighbors': <scipy.stats._distn_infrastructure.rv_discrete_frozen object at 0x1513f9167c50>},
                   random_state=42, scoring='roc_auc', verbose=1)",0.5183129855715871,0.5254347021827599,0.3436969881531745,0.4067796610169492,"{'classifier__C': np.float64(17.009414653862457), 'classifier__gamma': np.float64(2.8460709978861003e-05), 'classifier__kernel': 'rbf', 'feature_selection__n_components': np.float64(0.6142619362704551), 'oversampling__k_neighbors': 6}"
119.27364659309387,0.012884140014648438,"RandomizedSearchCV(cv=StratifiedKFold(n_splits=5, random_state=42, shuffle=True),
                   estimator=Pipeline(steps=[('yjpt', PowerTransformer()),
                                             ('outlier_removal',
                                              FunctionSampler(func=<function lof_outlier_removal at 0x1513f8f6f4c0>,
                                                              kw_args={'algorithm': 'auto',
                                                                       'contamination': 0.05,
                                                                       'metric': 'manhattan',
                                                                       'n_neighbors': 20},
                                                              validate=False)),
                                             ('feature_selection',
                                              PCA(s...
                                        'classifier__gamma': <scipy.stats._distn_infrastructure.rv_continuous_frozen object at 0x1513f8fce350>,
                                        'classifier__kernel': ['rbf'],
                                        'feature_selection__n_components': <scipy.stats._distn_infrastructure.rv_continuous_frozen object at 0x1513f8faf410>,
                                        'oversampling__k_neighbors': <scipy.stats._distn_infrastructure.rv_discrete_frozen object at 0x1513f8f87d90>},
                   random_state=42, scoring='roc_auc', verbose=1)",0.5116537180910099,0.5083240843507214,0.3788057019583376,0.12698412698412698,"{'classifier__C': np.float64(207.74809931193525), 'classifier__gamma': np.float64(0.1280142038694337), 'classifier__kernel': 'rbf', 'feature_selection__n_components': np.float64(0.9343648882688621), 'oversampling__k_neighbors': 6}"
123.64280915260315,0.013242721557617188,"RandomizedSearchCV(cv=StratifiedKFold(n_splits=5, random_state=42, shuffle=True),
                   estimator=Pipeline(steps=[('yjpt', PowerTransformer()),
                                             ('outlier_removal',
                                              FunctionSampler(func=<function lof_outlier_removal at 0x1513f900ec00>,
                                                              kw_args={'algorithm': 'auto',
                                                                       'contamination': 0.05,
                                                                       'metric': 'manhattan',
                                                                       'n_neighbors': 20},
                                                              validate=False)),
                                             ('feature_selection',
                                              PCA(s...
                                        'classifier__gamma': <scipy.stats._distn_infrastructure.rv_continuous_frozen object at 0x1513f8e69cd0>,
                                        'classifier__kernel': ['rbf'],
                                        'feature_selection__n_components': <scipy.stats._distn_infrastructure.rv_continuous_frozen object at 0x1513f8e54d10>,
                                        'oversampling__k_neighbors': <scipy.stats._distn_infrastructure.rv_discrete_frozen object at 0x1513f9136050>},
                   random_state=42, scoring='roc_auc', verbose=1)",0.5107162483971424,0.4836966477376809,0.3741515595988104,0.3779527559055118,"{'classifier__C': np.float64(0.039116250066838325), 'classifier__gamma': np.float64(0.003230428252240959), 'classifier__kernel': 'rbf', 'feature_selection__n_components': np.float64(0.5521410767863084), 'oversampling__k_neighbors': 3}"
120.65534448623657,0.013428449630737305,"RandomizedSearchCV(cv=StratifiedKFold(n_splits=5, random_state=42, shuffle=True),
                   estimator=Pipeline(steps=[('yjpt', PowerTransformer()),
                                             ('outlier_removal',
                                              FunctionSampler(func=<function lof_outlier_removal at 0x1513f900c860>,
                                                              kw_args={'algorithm': 'auto',
                                                                       'contamination': 0.05,
                                                                       'metric': 'manhattan',
                                                                       'n_neighbors': 20},
                                                              validate=False)),
                                             ('feature_selection',
                                              PCA(s...
                                        'classifier__gamma': <scipy.stats._distn_infrastructure.rv_continuous_frozen object at 0x1513f8ff6e90>,
                                        'classifier__kernel': ['rbf'],
                                        'feature_selection__n_components': <scipy.stats._distn_infrastructure.rv_continuous_frozen object at 0x1513f8f74e50>,
                                        'oversampling__k_neighbors': <scipy.stats._distn_infrastructure.rv_discrete_frozen object at 0x1513f8f66910>},
                   random_state=42, scoring='roc_auc', verbose=1)",0.5081516761311595,0.5400256457226598,0.38326439288903424,0.45588235294117646,"{'classifier__C': np.float64(1.0797151434089138), 'classifier__gamma': np.float64(0.0011669012872620147), 'classifier__kernel': 'rbf', 'feature_selection__n_components': np.float64(0.6451478439073702), 'oversampling__k_neighbors': 3}"
119.31115984916687,0.012852191925048828,"RandomizedSearchCV(cv=StratifiedKFold(n_splits=5, random_state=42, shuffle=True),
                   estimator=Pipeline(steps=[('yjpt', PowerTransformer()),
                                             ('outlier_removal',
                                              FunctionSampler(func=<function lof_outlier_removal at 0x1513f8f6fec0>,
                                                              kw_args={'algorithm': 'auto',
                                                                       'contamination': 0.05,
                                                                       'metric': 'manhattan',
                                                                       'n_neighbors': 20},
                                                              validate=False)),
                                             ('feature_selection',
                                              PCA(s...
                                        'classifier__gamma': <scipy.stats._distn_infrastructure.rv_continuous_frozen object at 0x1513f8fdca50>,
                                        'classifier__kernel': ['rbf'],
                                        'feature_selection__n_components': <scipy.stats._distn_infrastructure.rv_continuous_frozen object at 0x1513f8fe3c90>,
                                        'oversampling__k_neighbors': <scipy.stats._distn_infrastructure.rv_discrete_frozen object at 0x1513f91fb150>},
                   random_state=42, scoring='roc_auc', verbose=1)",0.5066862062648837,0.46263051840996516,0.3830479820841638,0.40268456375838924,"{'classifier__C': np.float64(19.535801797945574), 'classifier__gamma': np.float64(0.7881075270302922), 'classifier__kernel': 'rbf', 'feature_selection__n_components': np.float64(0.5622588915880106), 'oversampling__k_neighbors': 7}"
131.97386169433594,0.016465425491333008,"RandomizedSearchCV(cv=StratifiedKFold(n_splits=5, random_state=42, shuffle=True),
                   estimator=Pipeline(steps=[('yjpt', PowerTransformer()),
                                             ('outlier_removal',
                                              FunctionSampler(func=<function lof_outlier_removal at 0x1513f8d78360>,
                                                              kw_args={'algorithm': 'auto',
                                                                       'contamination': 0.05,
                                                                       'metric': 'manhattan',
                                                                       'n_neighbors': 20},
                                                              validate=False)),
                                             ('feature_selection',
                                              PCA(s...
                                        'classifier__gamma': <scipy.stats._distn_infrastructure.rv_continuous_frozen object at 0x1513f8d4d6d0>,
                                        'classifier__kernel': ['rbf'],
                                        'feature_selection__n_components': <scipy.stats._distn_infrastructure.rv_continuous_frozen object at 0x1513f8f0c550>,
                                        'oversampling__k_neighbors': <scipy.stats._distn_infrastructure.rv_discrete_frozen object at 0x1513f8e93ed0>},
                   random_state=42, scoring='roc_auc', verbose=1)",0.4945960798681077,0.4847957501373878,0.35247701751525473,0.34782608695652173,"{'classifier__C': np.float64(533.5112055356554), 'classifier__gamma': np.float64(0.5532870850012646), 'classifier__kernel': 'rbf', 'feature_selection__n_components': np.float64(0.5074645230175353), 'oversampling__k_neighbors': 5}"
145.23201751708984,0.013944864273071289,"RandomizedSearchCV(cv=StratifiedKFold(n_splits=5, random_state=42, shuffle=True),
                   estimator=Pipeline(steps=[('yjpt', PowerTransformer()),
                                             ('outlier_removal',
                                              FunctionSampler(func=<function lof_outlier_removal at 0x1513f8e242c0>,
                                                              kw_args={'algorithm': 'auto',
                                                                       'contamination': 0.05,
                                                                       'metric': 'manhattan',
                                                                       'n_neighbors': 20},
                                                              validate=False)),
                                             ('feature_selection',
                                              PCA(s...
                                        'classifier__gamma': <scipy.stats._distn_infrastructure.rv_continuous_frozen object at 0x1513f8e0c2d0>,
                                        'classifier__kernel': ['rbf'],
                                        'feature_selection__n_components': <scipy.stats._distn_infrastructure.rv_continuous_frozen object at 0x1513f8dfae10>,
                                        'oversampling__k_neighbors': <scipy.stats._distn_infrastructure.rv_discrete_frozen object at 0x1513f9141250>},
                   random_state=42, scoring='roc_auc', verbose=1)",0.4942297124015388,0.512822861329914,0.3712541216569271,0.39669421487603307,"{'classifier__C': np.float64(19.535801797945574), 'classifier__gamma': np.float64(0.7881075270302922), 'classifier__kernel': 'rbf', 'feature_selection__n_components': np.float64(0.5622588915880106), 'oversampling__k_neighbors': 7}"
118.36101984977722,0.017607927322387695,"RandomizedSearchCV(cv=StratifiedKFold(n_splits=5, random_state=42, shuffle=True),
                   estimator=Pipeline(steps=[('yjpt', PowerTransformer()),
                                             ('outlier_removal',
                                              FunctionSampler(func=<function lof_outlier_removal at 0x1513f8f6eac0>,
                                                              kw_args={'algorithm': 'auto',
                                                                       'contamination': 0.05,
                                                                       'metric': 'manhattan',
                                                                       'n_neighbors': 20},
                                                              validate=False)),
                                             ('feature_selection',
                                              PCA(s...
                                        'classifier__gamma': <scipy.stats._distn_infrastructure.rv_continuous_frozen object at 0x1513f8fa7390>,
                                        'classifier__kernel': ['rbf'],
                                        'feature_selection__n_components': <scipy.stats._distn_infrastructure.rv_continuous_frozen object at 0x1513f8f987d0>,
                                        'oversampling__k_neighbors': <scipy.stats._distn_infrastructure.rv_discrete_frozen object at 0x1513f9103410>},
                   random_state=42, scoring='roc_auc', verbose=1)",0.49019967026928013,0.5,0.3388423668034137,0.0,"{'classifier__C': np.float64(116937.06199417307), 'classifier__gamma': np.float64(1.7140813013188114), 'classifier__kernel': 'rbf', 'feature_selection__n_components': np.float64(0.928882331160779), 'oversampling__k_neighbors': 7}"
117.67210531234741,0.01418757438659668,"RandomizedSearchCV(cv=StratifiedKFold(n_splits=5, random_state=42, shuffle=True),
                   estimator=Pipeline(steps=[('yjpt', PowerTransformer()),
                                             ('outlier_removal',
                                              FunctionSampler(func=<function lof_outlier_removal at 0x1513f8f6e160>,
                                                              kw_args={'algorithm': 'auto',
                                                                       'contamination': 0.05,
                                                                       'metric': 'manhattan',
                                                                       'n_neighbors': 20},
                                                              validate=False)),
                                             ('feature_selection',
                                              PCA(s...
                                        'classifier__gamma': <scipy.stats._distn_infrastructure.rv_continuous_frozen object at 0x1513f8fa6450>,
                                        'classifier__kernel': ['rbf'],
                                        'feature_selection__n_components': <scipy.stats._distn_infrastructure.rv_continuous_frozen object at 0x1513f91f9e50>,
                                        'oversampling__k_neighbors': <scipy.stats._distn_infrastructure.rv_discrete_frozen object at 0x1513f9101210>},
                   random_state=42, scoring='roc_auc', verbose=1)",0.4802071772105069,0.5031446540880503,0.3446623787352252,0.34285714285714286,"{'classifier__C': np.float64(725.0347382396636), 'classifier__gamma': np.float64(0.00015619562520792737), 'classifier__kernel': 'rbf', 'feature_selection__n_components': np.float64(0.5292732168433758), 'oversampling__k_neighbors': 6}"
135.21986770629883,0.011795282363891602,"RandomizedSearchCV(cv=StratifiedKFold(n_splits=5, random_state=42, shuffle=True),
                   estimator=Pipeline(steps=[('yjpt', PowerTransformer()),
                                             ('outlier_removal',
                                              FunctionSampler(func=<function lof_outlier_removal at 0x1513f8d796c0>,
                                                              kw_args={'algorithm': 'auto',
                                                                       'contamination': 0.05,
                                                                       'metric': 'manhattan',
                                                                       'n_neighbors': 20},
                                                              validate=False)),
                                             ('feature_selection',
                                              PCA(s...
                                        'classifier__gamma': <scipy.stats._distn_infrastructure.rv_continuous_frozen object at 0x1513f8e55ed0>,
                                        'classifier__kernel': ['rbf'],
                                        'feature_selection__n_components': <scipy.stats._distn_infrastructure.rv_continuous_frozen object at 0x1513f8d8ead0>,
                                        'oversampling__k_neighbors': <scipy.stats._distn_infrastructure.rv_discrete_frozen object at 0x1513f9106010>},
                   random_state=42, scoring='roc_auc', verbose=1)",0.475952645209027,0.49898261191268956,0.33917690814551826,0.32,"{'classifier__C': np.float64(3.4306470638162736), 'classifier__gamma': np.float64(0.00015362051856878086), 'classifier__kernel': 'rbf', 'feature_selection__n_components': np.float64(0.7505605681062576), 'oversampling__k_neighbors': 4}"
121.92663240432739,0.013421773910522461,"RandomizedSearchCV(cv=StratifiedKFold(n_splits=5, random_state=42, shuffle=True),
                   estimator=Pipeline(steps=[('yjpt', PowerTransformer()),
                                             ('outlier_removal',
                                              FunctionSampler(func=<function lof_outlier_removal at 0x1513f900e200>,
                                                              kw_args={'algorithm': 'auto',
                                                                       'contamination': 0.05,
                                                                       'metric': 'manhattan',
                                                                       'n_neighbors': 20},
                                                              validate=False)),
                                             ('feature_selection',
                                              PCA(s...
                                        'classifier__gamma': <scipy.stats._distn_infrastructure.rv_continuous_frozen object at 0x1513f8e47350>,
                                        'classifier__kernel': ['rbf'],
                                        'feature_selection__n_components': <scipy.stats._distn_infrastructure.rv_continuous_frozen object at 0x1513f8e477d0>,
                                        'oversampling__k_neighbors': <scipy.stats._distn_infrastructure.rv_discrete_frozen object at 0x1513f9134bd0>},
                   random_state=42, scoring='roc_auc', verbose=1)",0.4702182759896411,0.4435812060673326,0.3660149305067316,0.3252032520325203,"{'classifier__C': np.float64(0.45027193536160615), 'classifier__gamma': np.float64(0.0008274235760837795), 'classifier__kernel': 'rbf', 'feature_selection__n_components': np.float64(0.5965651038687684), 'oversampling__k_neighbors': 4}"
134.82788634300232,0.011516094207763672,"RandomizedSearchCV(cv=StratifiedKFold(n_splits=5, random_state=42, shuffle=True),
                   estimator=Pipeline(steps=[('yjpt', PowerTransformer()),
                                             ('outlier_removal',
                                              FunctionSampler(func=<function lof_outlier_removal at 0x1513f8d78cc0>,
                                                              kw_args={'algorithm': 'auto',
                                                                       'contamination': 0.05,
                                                                       'metric': 'manhattan',
                                                                       'n_neighbors': 20},
                                                              validate=False)),
                                             ('feature_selection',
                                              PCA(s...
                                        'classifier__gamma': <scipy.stats._distn_infrastructure.rv_continuous_frozen object at 0x1513f8d80850>,
                                        'classifier__kernel': ['rbf'],
                                        'feature_selection__n_components': <scipy.stats._distn_infrastructure.rv_continuous_frozen object at 0x1513f8d67490>,
                                        'oversampling__k_neighbors': <scipy.stats._distn_infrastructure.rv_discrete_frozen object at 0x1512d6856150>},
                   random_state=42, scoring='roc_auc', verbose=1)",0.4627221102766074,0.5179520058618794,0.31386049052442605,0.39316239316239315,"{'classifier__C': np.float64(595.3896264004534), 'classifier__gamma': np.float64(0.013207763079904542), 'classifier__kernel': 'rbf', 'feature_selection__n_components': np.float64(0.5449887121181013), 'oversampling__k_neighbors': 5}"
121.12787461280823,0.01332235336303711,"RandomizedSearchCV(cv=StratifiedKFold(n_splits=5, random_state=42, shuffle=True),
                   estimator=Pipeline(steps=[('yjpt', PowerTransformer()),
                                             ('outlier_removal',
                                              FunctionSampler(func=<function lof_outlier_removal at 0x1513f900cea0>,
                                                              kw_args={'algorithm': 'auto',
                                                                       'contamination': 0.05,
                                                                       'metric': 'manhattan',
                                                                       'n_neighbors': 20},
                                                              validate=False)),
                                             ('feature_selection',
                                              PCA(s...
                                        'classifier__gamma': <scipy.stats._distn_infrastructure.rv_continuous_frozen object at 0x1513f901e590>,
                                        'classifier__kernel': ['rbf'],
                                        'feature_selection__n_components': <scipy.stats._distn_infrastructure.rv_continuous_frozen object at 0x1513f901e250>,
                                        'oversampling__k_neighbors': <scipy.stats._distn_infrastructure.rv_discrete_frozen object at 0x1512d684a850>},
                   random_state=42, scoring='roc_auc', verbose=1)",0.46198937534346957,0.49514563106796117,0.32438855752413853,0.0,"{'classifier__C': np.float64(1368.5263669430196), 'classifier__gamma': np.float64(3.881322724279026e-05), 'classifier__kernel': 'rbf', 'feature_selection__n_components': np.float64(0.5727329213425763), 'oversampling__k_neighbors': 6}"
125.65004539489746,0.013641357421875,"RandomizedSearchCV(cv=StratifiedKFold(n_splits=5, random_state=42, shuffle=True),
                   estimator=Pipeline(steps=[('yjpt', PowerTransformer()),
                                             ('outlier_removal',
                                              FunctionSampler(func=<function lof_outlier_removal at 0x1513f8eb93a0>,
                                                              kw_args={'algorithm': 'auto',
                                                                       'contamination': 0.05,
                                                                       'metric': 'manhattan',
                                                                       'n_neighbors': 20},
                                                              validate=False)),
                                             ('feature_selection',
                                              PCA(s...
                                        'classifier__gamma': <scipy.stats._distn_infrastructure.rv_continuous_frozen object at 0x1513f8ed0990>,
                                        'classifier__kernel': ['rbf'],
                                        'feature_selection__n_components': <scipy.stats._distn_infrastructure.rv_continuous_frozen object at 0x1513f8ec3610>,
                                        'oversampling__k_neighbors': <scipy.stats._distn_infrastructure.rv_discrete_frozen object at 0x1512d680a250>},
                   random_state=42, scoring='roc_auc', verbose=1)",0.45905843561091775,0.49514563106796117,0.3294189226473091,0.0,"{'classifier__C': np.float64(725.0347382396636), 'classifier__gamma': np.float64(0.00015619562520792737), 'classifier__kernel': 'rbf', 'feature_selection__n_components': np.float64(0.5292732168433758), 'oversampling__k_neighbors': 6}"
115.73317575454712,0.01225733757019043,"RandomizedSearchCV(cv=StratifiedKFold(n_splits=5, random_state=42, shuffle=True),
                   estimator=Pipeline(steps=[('yjpt', PowerTransformer()),
                                             ('outlier_removal',
                                              FunctionSampler(func=<function lof_outlier_removal at 0x1513f91b7ce0>,
                                                              kw_args={'algorithm': 'auto',
                                                                       'contamination': 0.05,
                                                                       'metric': 'manhattan',
                                                                       'n_neighbors': 20},
                                                              validate=False)),
                                             ('feature_selection',
                                              PCA(s...
                                        'classifier__gamma': <scipy.stats._distn_infrastructure.rv_continuous_frozen object at 0x1513f91fc650>,
                                        'classifier__kernel': ['rbf'],
                                        'feature_selection__n_components': <scipy.stats._distn_infrastructure.rv_continuous_frozen object at 0x1513f8f3bd10>,
                                        'oversampling__k_neighbors': <scipy.stats._distn_infrastructure.rv_discrete_frozen object at 0x1512d6843d50>},
                   random_state=42, scoring='roc_auc', verbose=1)",0.4573621901590825,0.4770625231224565,0.3182042450020187,0.21428571428571427,"{'classifier__C': np.float64(1368.5263669430196), 'classifier__gamma': np.float64(3.881322724279026e-05), 'classifier__kernel': 'rbf', 'feature_selection__n_components': np.float64(0.5727329213425763), 'oversampling__k_neighbors': 6}"
141.8085777759552,0.013353109359741211,"RandomizedSearchCV(cv=StratifiedKFold(n_splits=5, random_state=42, shuffle=True),
                   estimator=Pipeline(steps=[('yjpt', PowerTransformer()),
                                             ('outlier_removal',
                                              FunctionSampler(func=<function lof_outlier_removal at 0x1513f8d7b420>,
                                                              kw_args={'algorithm': 'auto',
                                                                       'contamination': 0.05,
                                                                       'metric': 'manhattan',
                                                                       'n_neighbors': 20},
                                                              validate=False)),
                                             ('feature_selection',
                                              PCA(s...
                                        'classifier__gamma': <scipy.stats._distn_infrastructure.rv_continuous_frozen object at 0x1513f8dd2810>,
                                        'classifier__kernel': ['rbf'],
                                        'feature_selection__n_components': <scipy.stats._distn_infrastructure.rv_continuous_frozen object at 0x1513f8dd2d10>,
                                        'oversampling__k_neighbors': <scipy.stats._distn_infrastructure.rv_discrete_frozen object at 0x1512d67b0950>},
                   random_state=42, scoring='roc_auc', verbose=1)",0.45191427001282286,0.45969957867741346,0.3235403813077404,0.35658914728682173,"{'classifier__C': np.float64(725.0347382396636), 'classifier__gamma': np.float64(0.00015619562520792737), 'classifier__kernel': 'rbf', 'feature_selection__n_components': np.float64(0.5292732168433758), 'oversampling__k_neighbors': 6}"
125.06582355499268,0.01308584213256836,"RandomizedSearchCV(cv=StratifiedKFold(n_splits=5, random_state=42, shuffle=True),
                   estimator=Pipeline(steps=[('yjpt', PowerTransformer()),
                                             ('outlier_removal',
                                              FunctionSampler(func=<function lof_outlier_removal at 0x1513f8eb8a40>,
                                                              kw_args={'algorithm': 'auto',
                                                                       'contamination': 0.05,
                                                                       'metric': 'manhattan',
                                                                       'n_neighbors': 20},
                                                              validate=False)),
                                             ('feature_selection',
                                              PCA(s...
                                        'classifier__gamma': <scipy.stats._distn_infrastructure.rv_continuous_frozen object at 0x1513f8eb1490>,
                                        'classifier__kernel': ['rbf'],
                                        'feature_selection__n_components': <scipy.stats._distn_infrastructure.rv_continuous_frozen object at 0x1513f8f3a4d0>,
                                        'oversampling__k_neighbors': <scipy.stats._distn_infrastructure.rv_discrete_frozen object at 0x1513f914a890>},
                   random_state=42, scoring='roc_auc', verbose=1)",0.4489833302802711,0.4836966477376809,0.30308226816146033,0.3779527559055118,"{'classifier__C': np.float64(1643.198674858489), 'classifier__gamma': np.float64(0.00037143700276692093), 'classifier__kernel': 'rbf', 'feature_selection__n_components': np.float64(0.8204806496063912), 'oversampling__k_neighbors': 3}"
130.25504207611084,0.01378321647644043,"RandomizedSearchCV(cv=StratifiedKFold(n_splits=5, random_state=42, shuffle=True),
                   estimator=Pipeline(steps=[('yjpt', PowerTransformer()),
                                             ('outlier_removal',
                                              FunctionSampler(func=<function lof_outlier_removal at 0x1513f8ebbba0>,
                                                              kw_args={'algorithm': 'auto',
                                                                       'contamination': 0.05,
                                                                       'metric': 'manhattan',
                                                                       'n_neighbors': 20},
                                                              validate=False)),
                                             ('feature_selection',
                                              PCA(s...
                                        'classifier__gamma': <scipy.stats._distn_infrastructure.rv_continuous_frozen object at 0x1513f8f0f0d0>,
                                        'classifier__kernel': ['rbf'],
                                        'feature_selection__n_components': <scipy.stats._distn_infrastructure.rv_continuous_frozen object at 0x1513f8f31c10>,
                                        'oversampling__k_neighbors': <scipy.stats._distn_infrastructure.rv_discrete_frozen object at 0x1512d682eb10>},
                   random_state=42, scoring='roc_auc', verbose=1)",0.447558268590455,0.4852941176470588,0.30888643302977115,0.0,"{'classifier__C': np.float64(1643.198674858489), 'classifier__gamma': np.float64(0.00037143700276692093), 'classifier__kernel': 'rbf', 'feature_selection__n_components': np.float64(0.8204806496063912), 'oversampling__k_neighbors': 3}"
135.41244411468506,0.012892961502075195,"RandomizedSearchCV(cv=StratifiedKFold(n_splits=5, random_state=42, shuffle=True),
                   estimator=Pipeline(steps=[('yjpt', PowerTransformer()),
                                             ('outlier_removal',
                                              FunctionSampler(func=<function lof_outlier_removal at 0x1513f8d7aa20>,
                                                              kw_args={'algorithm': 'auto',
                                                                       'contamination': 0.05,
                                                                       'metric': 'manhattan',
                                                                       'n_neighbors': 20},
                                                              validate=False)),
                                             ('feature_selection',
                                              PCA(s...
                                        'classifier__gamma': <scipy.stats._distn_infrastructure.rv_continuous_frozen object at 0x1513f8dcabd0>,
                                        'classifier__kernel': ['rbf'],
                                        'feature_selection__n_components': <scipy.stats._distn_infrastructure.rv_continuous_frozen object at 0x1513f8db6a10>,
                                        'oversampling__k_neighbors': <scipy.stats._distn_infrastructure.rv_discrete_frozen object at 0x1513f914b6d0>},
                   random_state=42, scoring='roc_auc', verbose=1)",0.4417314095449501,0.4745652978172401,0.32908431053779547,0.40559440559440557,"{'classifier__C': np.float64(527247.6383549521), 'classifier__gamma': np.float64(0.01588020597976637), 'classifier__kernel': 'rbf', 'feature_selection__n_components': np.float64(0.8789103837553915), 'oversampling__k_neighbors': 6}"
114.82117486000061,0.016834020614624023,"RandomizedSearchCV(cv=StratifiedKFold(n_splits=5, random_state=42, shuffle=True),
                   estimator=Pipeline(steps=[('yjpt', PowerTransformer()),
                                             ('outlier_removal',
                                              FunctionSampler(func=<function lof_outlier_removal at 0x1513f91b7380>,
                                                              kw_args={'algorithm': 'auto',
                                                                       'contamination': 0.05,
                                                                       'metric': 'manhattan',
                                                                       'n_neighbors': 20},
                                                              validate=False)),
                                             ('feature_selection',
                                              PCA(s...
                                        'classifier__gamma': <scipy.stats._distn_infrastructure.rv_continuous_frozen object at 0x1513f91f8190>,
                                        'classifier__kernel': ['rbf'],
                                        'feature_selection__n_components': <scipy.stats._distn_infrastructure.rv_continuous_frozen object at 0x1513f91fcd10>,
                                        'oversampling__k_neighbors': <scipy.stats._distn_infrastructure.rv_discrete_frozen object at 0x1513f91f8210>},
                   random_state=42, scoring='roc_auc', verbose=1)",0.40749221469133545,0.5,0.2903513351834131,0.0,"{'classifier__C': np.float64(0.040065452132270085), 'classifier__gamma': np.float64(0.0013800001544584993), 'classifier__kernel': 'rbf', 'feature_selection__n_components': np.float64(0.5859099640176557), 'oversampling__k_neighbors': 3}"
121.6950855255127,0.014685869216918945,"RandomizedSearchCV(cv=StratifiedKFold(n_splits=5, random_state=42, shuffle=True),
                   estimator=Pipeline(steps=[('yjpt', PowerTransformer()),
                                             ('outlier_removal',
                                              FunctionSampler(func=<function lof_outlier_removal at 0x1513f900d800>,
                                                              kw_args={'algorithm': 'auto',
                                                                       'contamination': 0.05,
                                                                       'metric': 'manhattan',
                                                                       'n_neighbors': 20},
                                                              validate=False)),
                                             ('feature_selection',
                                              PCA(s...
                                        'classifier__gamma': <scipy.stats._distn_infrastructure.rv_continuous_frozen object at 0x1513f8e38410>,
                                        'classifier__kernel': ['rbf'],
                                        'feature_selection__n_components': <scipy.stats._distn_infrastructure.rv_continuous_frozen object at 0x1513f9027ad0>,
                                        'oversampling__k_neighbors': <scipy.stats._distn_infrastructure.rv_discrete_frozen object at 0x1512d67ff810>},
                   random_state=42, scoring='roc_auc', verbose=1)",0.40080600842645175,0.42168895402088297,0.30499522332096446,0.3125,"{'classifier__C': np.float64(0.040065452132270085), 'classifier__gamma': np.float64(0.0013800001544584993), 'classifier__kernel': 'rbf', 'feature_selection__n_components': np.float64(0.5859099640176557), 'oversampling__k_neighbors': 3}"
